4.601315,-0.004599914
2.3718731,0.00041365947
2.3907282,-0.0015583206
2.2539456,6.7915535e-05
2.37507,0.00030016515
2.4707322,-0.008285459
2.246125,-0.01564577
2.456336,-0.0008325329
1.4506116,-0.012170782
2.355394,-0.012570893
2.234487,0.024075564
1.477474,-0.010643274
1.9774007,0.04112149
2.1885474,0.0038072628
1.6266468,0.048394687
1.6680018,-0.015944716
2.0354311,-0.012667948
1.2671472,0.012901381
1.7054268,-0.0054069567
1.6591046,-0.006529926
1.6727557,-0.001158658
1.46578,0.022621514
1.6205839,0.034428816
1.481978,0.00088028377
1.5611352,0.0036467344
1.4380335,-0.0016038059
1.5808793,-0.015662229
1.2264593,-0.00072132767
1.48909,-0.0022094178
1.684659,0.022497367
1.0569166,-0.0014643405
1.2984887,-0.0025929718
1.5626922,-0.00601439
1.4779724,0.0017034031
1.334723,0.005441107
1.4101197,-0.011560595
1.3587886,-0.004292664
1.3085414,-0.011185531
1.4288205,-0.005769317
1.2560718,0.0014397304
1.6022419,-0.0034291141
0.90272,0.055219937
1.5133717,-0.015470375
1.301551,0.00081566814
1.2459143,-0.0059326044
1.4301857,0.00060471287
1.5282738,-0.00022553961
1.3274571,-0.0014871937
1.109672,-0.005947309
1.5744778,-0.0033635977
1.4890077,-0.010609409
0.9538976,-0.0068704044
1.0308203,0.0068334066
0.96626055,-0.006730289
1.2923728,-0.013708177
1.0271205,0.0057499306
1.4280758,3.5255693e-05
1.5782689,-0.007413863
1.2376038,-0.01187742
0.87113726,0.05958821
1.3290805,-0.0026292643
0.9914007,-0.009653172
1.0400537,0.0088135125
1.2491624,-0.012977701
0.78279364,0.05254445
1.1539402,0.0051145474
0.97607064,0.008706866
1.1840672,-0.010191359
1.6372218,-5.6391134e-05
1.4698365,0.0015864164
1.4745277,-0.006178158
1.3593975,0.01248495
1.1955166,-0.0063824025
0.913121,-0.01355172
0.88572747,-0.0035275088
0.9526035,0.009265794
1.1064594,-0.001082935
1.1428881,-0.004863947
0.86064684,-0.005120992
1.1986173,-0.0054062475
0.757336,-0.0031540885
1.1041878,-0.0028341648
1.4051788,-9.873706e-05
1.2523729,0.00092020317
0.74677324,0.006213115
1.1268488,-0.008863051
0.6078001,0.045941982
1.1133624,-0.012409757
1.0608807,0.0034210351
1.1013651,-0.0017278154
1.0124533,0.001494375
0.9766742,0.000520309
0.8038998,-0.005507754
0.9142658,-0.002339879
0.9930252,0.0071513955
0.8732393,0.005684257
0.9935249,-0.003455941
0.5473055,-0.003165851
0.6545144,-0.008045068
0.6930366,0.0011639803
0.86518013,0.005919228
0.7344289,8.454167e-05
0.8193312,-0.0003574909
0.5370556,0.03817584
0.60573757,-0.0062843026
0.74715424,0.010500957
0.8258792,0.0031856534
0.65536165,-0.00828248
0.74831975,-0.009696874
0.4940234,0.0050192005
0.73759836,-0.00470331
0.71596056,-0.0007375363
0.44132626,-0.010804782
0.9116834,-0.006787689
0.42636582,-0.010724279
0.80521625,0.004556757
0.74744296,-0.015618241
0.5155316,-0.006970526
0.7580729,0.0056750146
0.63005376,0.0065152626
0.71532655,0.00554615
0.7923131,-0.001623325
0.6011928,0.00854067
0.14847894,-0.015412983
0.52957374,0.0041013453
0.17520383,0.010262564
0.5349344,0.002358019
0.7622305,-0.00011210267
0.55282825,-0.0023220796
0.40285024,-0.008289401
0.63029176,-0.0053248075
0.20847817,0.021088004
0.41198474,0.007056634
0.40568373,-0.0013299356
0.5420759,0.01140459
0.39539334,-0.0055313827
0.23292708,-0.0110126985
0.4560555,0.009923575
0.4723,-0.001461801
0.37831816,-0.0044710725
0.522493,-0.0065896353
0.4978101,-0.009198701
0.44974443,0.0018872535
0.5487034,-0.006351166
0.42027393,-0.003340315
0.23960157,-0.006263768
0.50161856,-0.0025817617
0.6340188,-0.009845123
0.47830537,-0.0003568456
0.27253294,-0.0041633467
0.1673211,-0.0089447
0.43737316,-0.0020765713
0.43709064,-0.009271495
0.3298064,-0.0014675689
0.24740958,-0.008276287
0.47318602,-0.004007075
0.25248492,-0.00042744694
0.44308674,0.0014448253
0.29663625,-0.009802241
0.47061324,0.005372235
0.33144185,0.021808516
0.47519162,0.0017410079
0.27160588,-3.573888e-05
0.4449221,-0.0061081136
0.68905574,-0.008652078
0.4832356,0.0039301203
0.17120843,0.0014684685
0.2521101,0.0020894508
0.43295407,-0.005168661
0.27760747,0.0022283543
0.23877354,0.010368968
0.39562497,-0.0046170074
0.3689724,-0.00055634486
0.10850349,0.002859413
0.4942287,-0.0045596585
0.41081998,-0.008935412
0.34214532,0.007880658
0.059277337,0.0028253205
0.118803136,0.00487539
0.14729393,-0.005426011
0.25226974,-0.0074380245
0.2857544,0.007255495
0.19107565,0.00230026
0.21564649,0.0019963984
0.31954548,0.012942064
0.2429495,-0.0051529836
0.2760247,-0.0071462104
0.2809065,-0.0077785254
0.072714195,-0.0033635884
0.25583285,0.0064715906
0.3324401,0.0055804616
0.029149199,-0.0059128227
0.3036537,-0.0020822561
0.10198844,-0.008656556
0.073047005,0.0044279518
0.34674123,0.011739133
0.0018463912,-0.0020342497
0.21332939,-0.009782707
0.37927482,-0.009354147
0.25004232,0.019587355
0.18324372,0.00410149
0.078438066,-0.012970397
0.28608054,-0.008088929
0.23236147,0.0025061383
-0.006365962,-0.010823116
0.23702767,-0.0067919185
0.044012252,-0.007850376
0.074918956,-0.009438594
0.1022471,-0.0037004014
-0.08599406,-0.0046356176
0.24074219,-0.008851121
-0.09525667,0.0021194604
0.2193573,-0.010437666
0.013411226,-0.0061555123
0.14948589,-0.0072646267
-0.015004142,-0.013823663
0.12991208,-0.0061878366
0.09012771,-0.0021940593
-0.020253591,-0.0069920598
0.18981071,0.004219115
0.19596192,-0.011061593
0.11052893,0.009298429
-0.010039514,-0.0022626033
0.20894401,0.00073394453
0.1090138,-0.0021078251
0.3279159,-0.008929829
0.054495264,0.00056581036
0.10183481,-0.0077939564
0.14499444,-0.0017787677
0.3679073,0.0005027946
0.24324454,-0.007284718
0.17816539,0.0133780725
0.033814922,-0.009986979
-0.23320934,0.009383265
-0.10877984,0.012264231
0.040007003,0.007169765
0.15465394,-0.005666999
0.12058368,-0.009131077
0.20126742,-0.0007175429
0.041556317,-0.014065643
-0.061839588,0.008382108
0.062597394,0.00479646
0.060641076,0.0005804445
0.09699244,-0.010641523
0.04569802,0.0057307323
-0.122708395,0.009825261
0.100287996,-0.007883411
0.16684298,0.003906569
0.10760926,0.012867689
-0.003875907,0.009098276
0.11989396,-0.010271477
-0.007786917,-0.0017944806
-0.06693817,0.013630559
-0.022005882,0.0126650045
0.001134265,0.0069213803
0.049745027,0.004979304
0.057174403,-0.007299414
-0.02773351,-0.005303036
0.109952085,-0.0044696983
0.096754864,0.0045720213
-0.1029232,0.008429426
-0.10489407,0.0056384844
0.113947436,-0.008366102
-0.02172358,0.004544203
0.030527376,-0.0069983704
0.059351023,0.007963766
0.14457175,-0.0071167005
-0.20807435,-0.010480738
-0.0017132699,-0.0038823197
-0.078987174,0.013856483
-0.088152334,0.008704804
-0.115373865,-0.005123467
0.0051312624,0.0006063914
0.25584695,-0.003001468
-0.13294493,-0.006727744
-0.07941483,0.006671462
-0.014190417,-0.0043073986
-0.11613303,0.004948432
0.1760369,0.0040179123
0.111427635,-0.0014849448
0.1219884,0.0038190698
-0.04379893,-0.005229454
-0.13140237,-0.005523307
-0.08936918,0.0070573674
-0.27070975,0.007163221
0.14456263,0.00062970223
-0.18538222,-0.0063236966
0.0013493026,-0.017169649
-0.17597803,-0.01007786
-0.15718457,0.009780039
0.21719831,-0.0051480304
0.06640061,-0.0021870267
-0.06809358,0.007134092
0.06213564,0.0020788065
-0.09348503,-0.007963294
-0.17950968,-0.004277774
-0.1380589,0.002582558
-0.19380939,-0.0012046889
-0.19137314,0.0030421214
-0.16540554,-0.004825632
-0.29507473,-0.0010542979
-0.1589266,-0.003684552
0.10809542,-0.007778588
-0.013985943,-0.0007707998
0.104316756,-0.00019083968
-0.3415039,0.006648836
-0.15524916,-0.0154356565
-0.114168346,0.0029833622
-0.24598183,0.004625873
-0.19194894,-0.0036267764
-0.22570938,0.0012090703
-0.16141993,-0.0132339075
-0.019437449,-0.0015873859
-0.13104865,0.0017099164
0.106853604,-0.012899602
-0.3652064,-0.0020271388
-0.12999015,0.0021073953
-0.13620436,-0.00023079975
-0.18616596,-0.005197406
-0.12117956,-0.00566185
-0.17117009,0.0006236764
0.0030080448,0.0059403675
-0.16832124,0.0017746155
-0.29946437,-0.0012513625
0.086428,-0.0008176482
-0.046840254,0.0104353335
-0.106510684,-0.0019615353
-0.1969302,0.0011877044
-0.16226098,0.0023662646
-0.19908501,0.0007663172
-0.011886044,0.006295691
0.00435446,-0.013214119
0.024718666,-0.0033880537
-0.035342548,0.0065010586
-0.28890017,-0.013455366
-0.052341748,0.0010003418
-0.14409176,0.0031505872
-0.31214425,-0.0060692728
-0.413152,-0.00063081895
-0.30536428,0.015351674
-0.33982188,-0.0073505286
-0.24779932,0.0014716038
-0.3209201,-0.0039476547
-0.21990727,-0.0036895212
-0.2936981,0.003749224
-0.17681316,0.01107489
-0.32110336,-0.0015415065
-0.37322554,-0.0017889946
-0.22148854,0.0032843067
-0.342572,-0.0062742652
-0.30619958,-0.015369283
-0.13891658,0.00097183004
-0.21564333,0.00021269417
-0.2476648,0.0007024868
-0.22464068,0.005883763
-0.32803527,-0.00096667453
-0.24243288,0.0002028017
-0.15085396,-0.010017043
-0.2896802,0.010973637
-0.18482287,-0.005391112
-0.16158673,-0.00206695
-0.16888858,0.006263291
-0.19507433,-0.0015614841
-0.14571922,0.0010788718
-0.2599475,-0.005232691
-0.13021204,-0.003116467
-0.25302884,0.002992408
-0.27456704,0.0016773054
-0.13455391,0.0055390694
-0.01838909,0.0018371037
-0.053159915,-0.00550083
-0.19247308,-0.0070359614
-0.3300356,-0.013126194
-0.13805358,-0.013506127
-0.059745375,-0.008113022
-0.05915617,0.003673324
-0.3412775,0.0045208074
-0.2144254,0.0117636435
-0.32796633,0.015101275
-0.06427983,-0.0016039801
-0.20431998,0.0016843665
-0.33468583,0.00039505592
-0.16643456,-0.011810868
-0.22098342,-0.005493257
-0.17117368,-0.002071311
-0.13064644,0.016642608
-0.19015308,-0.0049494263
-0.40780777,0.011673181
-0.19594742,0.012730366
-0.15976995,-0.004253506
-0.2873965,0.006863014
-0.15525065,-0.007796289
-0.31679094,0.0074082497
-0.1202024,-0.0016205738
-0.27913642,-0.0016126841
-0.35432965,-0.0026759051
-0.36639053,-0.009294047
-0.19189112,0.0052278447
-0.30290288,-0.0021640747
-0.27527723,-0.00888181
-0.24169612,0.0061346907
-0.30695906,0.001021714
-0.17912637,0.010637067
-0.118635714,-0.002813549
-0.37815526,-0.008671855
-0.27633578,0.019771986
-0.39161327,-0.007819835
-0.39056137,0.0019799198
-0.2866583,-0.0036812758
-0.42931423,0.0014775845
-0.34606698,-0.003178467
-0.24299066,0.009770685
-0.28355595,-0.0038120607
-0.40213528,0.0040113805
-0.41697577,0.007997916
-0.2963813,-0.0043044165
-0.28673273,4.6260364e-05
-0.3091412,-0.003729731
-0.32958874,-0.00023200971
-0.30352363,0.010695792
-0.30140275,-0.0012993068
-0.20524687,-0.0039421716
-0.1808044,-0.0024991597
-0.18936819,0.0012034953
-0.27520224,0.005191379
-0.30591425,-0.0035268532
-0.41463864,0.0032928598
-0.2333669,0.0007479876
-0.21076225,0.016141359
-0.20814286,-0.0066300565
-0.33690387,0.011989637
-0.29792553,-0.0051769856
-0.29928958,0.007754965
-0.13100295,-0.0043200557
-0.09583431,-0.0038936161
-0.21919972,-0.00088959286
-0.3124962,0.001115227
-0.18119878,-0.01175406
-0.32087097,-0.010170712
-0.38663107,-0.008101348
-0.397355,-0.009675925
-0.43048304,-0.0056558163
-0.2929302,0.0036255436
-0.26336104,0.0013290863
-0.3105712,-0.007982522
-0.06774617,0.002044135
-0.24779458,0.0062904065
-0.3017249,0.0046114125
-0.2791032,0.00079317554
-0.31722558,-0.004805313
-0.22863509,-0.0023465788
-0.33120313,0.0028000795
-0.27101997,-0.009230018
-0.385268,0.0023639684
-0.294366,0.00090458716
-0.18872303,0.007412184
-0.247019,-0.005057667
-0.39337608,0.009385119
-0.38489974,-0.0030394292
-0.41390914,-0.006342464
-0.15935117,-0.0021724885
-0.31745315,-0.005906517
-0.38048044,-0.005274833
-0.36474773,0.007473619
-0.3289917,0.0031931535
-0.36728692,-0.015407668
-0.51871175,-0.00877221
-0.3803584,0.0069356323
-0.39168572,-0.017292064
-0.31811085,0.016023153
-0.33394498,-0.01089064
-0.351607,0.0077844197
-0.19311029,-0.0019480858
-0.52165073,-0.003870886
-0.33549488,-0.0031922315
-0.36459923,0.015402216
-0.26278716,0.011963462
-0.24766448,-0.008881171
-0.43090093,-0.0039806277
-0.47858652,-0.010695356
-0.4211013,-0.0039696964
-0.418784,0.00465285
-0.3877573,0.0042583616
-0.27827713,-0.0019837427
-0.43125847,0.003092395
-0.35943106,0.013592829
-0.3910603,0.00047284804
-0.53416973,0.01159746
-0.3414282,0.010003233
-0.5092405,-0.008062472
-0.37140164,-0.004407108
-0.4076963,0.006339423
-0.33109236,0.004037157
-0.504186,0.0050880215
-0.28062296,0.0069679716
-0.42394826,-0.0010372163
-0.5605293,0.0002478423
-0.38929114,0.0016617053
-0.46753356,0.004292769
-0.32764798,0.0034490917
-0.15903142,-0.0013504723
-0.33588523,0.00648905
-0.46125403,-0.0026775696
-0.44320795,-0.0046591926
-0.33308387,0.012395813
-0.15108348,-0.0073392447
-0.32462776,0.013247165
-0.4163978,0.0068551297
-0.26587096,0.0031893165
-0.3064976,-0.0035036781
-0.29734445,0.0015536533
-0.3319803,0.0011668168
-0.26380467,0.006522968
-0.28819022,0.00884105
-0.31662875,0.009206333
-0.25724033,0.0032955478
-0.4202237,0.007953447
-0.2242659,-0.007900835
-0.39069667,0.0037540393
-0.38274884,0.010207713
-0.35486746,0.010313414
-0.18812338,-0.0011962459
-0.41670382,0.008980551
-0.29802963,0.0031069343
-0.2916046,-0.005985893
-0.2852936,0.0019418872
-0.29575825,-0.0017079585
-0.33273932,0.004943538
-0.35991845,0.0019713528
-0.26832706,-0.0053274725
-0.4300702,0.003147957
-0.362477,0.0073313103
-0.42301378,-0.0050861407
-0.34253752,-0.00428108
-0.38167784,-0.0030368157
-0.32464764,-0.00503403
-0.28294277,0.0017605757
-0.40225488,-0.0028580863
-0.3980664,-0.004424693
-0.269726,-0.00785601
-0.31763786,0.0016921079
-0.34351522,0.0010738635
-0.4291833,-0.0021632514
-0.37444392,0.0006436302
-0.5058344,0.013657638
-0.4045877,0.0053305733
-0.5016052,0.00062151
-0.3766193,-0.013559317
-0.39441624,-0.005647486
-0.3763046,-0.0044086464
-0.43582684,0.0031294895
-0.39318052,-0.005679383
-0.40927583,-0.007993144
-0.4339156,-0.004048709
-0.6502513,0.0029779423
-0.47783843,0.0010062122
-0.5109514,-0.0048708036
-0.31513944,-0.002804201
-0.47865057,0.014966026
-0.39194077,-0.007308407
-0.44700685,-0.0012086657
-0.5112186,-0.003873292
-0.4187655,0.0049857902
-0.38642022,0.010985507
-0.44819027,-0.0012761633
-0.49265486,-0.013662898
-0.4877403,0.00330038
-0.45582348,0.0014698997
-0.38694498,-0.00045355337
-0.44035017,-0.0056050597
-0.40709293,-0.01073322
-0.46616864,-0.0038858664
-0.41545895,-0.00045676593
-0.35841376,-0.0042010094
-0.41191548,0.0037379367
-0.31679848,0.0063570566
-0.32618415,1.4975518e-05
-0.43682924,0.003171399
-0.43212768,-0.0044595264
-0.47270095,0.003606866
-0.5192963,-0.007282218
-0.52658176,-0.00889821
-0.50249195,-0.011568842
-0.36444896,0.00397841
-0.43129238,0.004474527
-0.49977645,-0.0011226867
-0.4757185,0.004683517
-0.33087832,0.00159026
-0.266739,-0.00254437
-0.39340982,0.007833164
-0.47382605,-0.007058598
-0.4953649,-0.004620335
-0.45212266,-0.014485054
-0.3977647,-0.0017753075
-0.3529238,0.00090812973
-0.42993703,-0.012793067
-0.47688088,0.00811533
-0.36968654,0.0067932033
-0.38286424,0.0046408167
-0.49312273,-0.0068784193
-0.33398515,0.005641142
-0.41063794,-0.0010328068
-0.35958582,0.00079820346
-0.42637596,0.0075196614
-0.4920208,-0.006882268
-0.40559623,0.0048497394
-0.4645163,0.0010681438
-0.41924486,-0.011107652
-0.45881876,-0.00047778635
-0.32670873,-0.002283008
-0.42136207,-0.011396584
-0.39919335,0.0030050853
-0.48948643,-0.0005760444
-0.32998717,0.002201999
-0.44336995,0.002210787
-0.4183203,-0.0011038441
-0.41900542,-0.0041935765
-0.48355636,0.008925082
-0.4588523,-0.008610251
-0.4106087,-0.005682458
-0.33125997,0.0009078861
-0.30283886,0.006083389
-0.4810326,0.0018484285
-0.4875223,-0.00033294826
-0.33985922,-0.012638248
-0.50724316,-0.009552942
-0.4518796,-0.009678513
-0.4408145,-0.0025869135
-0.5044769,-0.009300073
-0.44105303,0.0028487344
-0.38682115,0.004280676
-0.43668348,0.008183407
-0.47179586,0.0057142614
-0.36381644,-0.0045313174
-0.41682643,-0.003446086
-0.4885897,-0.0036692275
-0.39454904,-0.006426586
-0.45153028,0.0070599522
-0.4104203,-0.007265808
-0.43374437,0.0012566008
-0.409854,-0.008455501
-0.56527287,-0.00564942
-0.33433533,0.00794724
-0.5054133,0.00043347987
-0.39268118,0.006941876
-0.46808663,0.0017384085
-0.40307844,-0.0014338283
-0.49477652,0.004839938
-0.44349733,0.0063834013
-0.3596823,0.0058287694
-0.4535148,-0.009655625
-0.57404757,-0.0035605796
-0.43189448,-0.003505834
-0.46921843,0.008009034
-0.44608027,0.0071564717
-0.4753874,0.009732501
-0.6061555,-0.0044801016
-0.5423454,0.0021075099
-0.47433296,0.003723023
-0.540928,-0.0038526037
-0.46695894,0.004428107
-0.5248867,0.0015762022
-0.57754195,-0.007972989
-0.54981035,-0.012077492
-0.54803723,0.0010754965
-0.35303384,-0.01676804
-0.3374489,0.00056139886
-0.3901037,-0.0064788945
-0.29774833,-0.0028216788
-0.44075775,-0.0058807107
-0.31569907,-0.0022655742
-0.4953499,0.006298915
-0.6292033,0.00071876
-0.5335856,0.0069010993
-0.57071936,0.0003034061
-0.31772047,0.00016050867
-0.45315525,0.008905744
-0.5650988,-0.0029574612
-0.5931383,0.005673871
-0.3866131,-0.005777669
-0.39048228,-0.0017009871
-0.4954576,0.00056954153
-0.5672468,-0.00094642484
-0.37224686,-0.01101265
-0.5331396,0.00072295975
-0.5730729,0.0042927666
-0.5674465,-0.0012187032
-0.3461951,-0.0021224348
-0.4677863,0.004049373
-0.4711207,-0.00052445784
-0.53563184,-0.0071546827
-0.5456761,0.0068815937
-0.5689399,0.0015595459
-0.5117431,-0.002451472
-0.44470778,0.011782687
-0.5321237,-0.0026629604
-0.5091526,0.00056489545
-0.5899968,0.0024502433
-0.6003524,0.004446227
-0.5667615,0.008973242
-0.40413868,0.007611292
-0.5480809,-0.008734295
-0.4544523,0.008593408
-0.47595352,0.0014929688
-0.5392753,0.0017029985
-0.5263691,-0.0016692433
-0.5124901,0.012801793
-0.5146766,0.00045490917
-0.40118435,0.0061534666
-0.47238338,0.008291232
-0.51460713,-0.0010989212
-0.52171993,0.004176237
-0.49943066,0.00563802
-0.49250013,-0.007050467
-0.532999,-0.013355458
-0.45415765,-0.0006928073
-0.5402296,-0.0030149263
-0.52800363,-0.0014205086
-0.425732,0.0058499067
-0.52481806,-0.0020861188
-0.55613035,0.006983332
-0.611591,0.006361248
-0.46983263,0.0018693218
-0.39684114,0.01359904
-0.62619764,0.002174706
-0.45627218,0.0015689654
-0.53545594,-0.0010802373
-0.5289149,0.0024455274
-0.44768232,-0.009485359
-0.5314094,0.0062180543
-0.5038191,0.0009139431
-0.46334857,0.0027098001
-0.46396974,-0.006272158
-0.5443145,0.0019536077
-0.5250087,0.0014343269
-0.37113124,-0.005185424
-0.47378933,0.002181913
-0.4386604,0.0062625613
-0.4717823,-0.0075012045
-0.4892695,-0.009387969
-0.45581567,-0.0014326586
-0.43371662,0.0022950808
-0.5249844,0.005295122
-0.49219847,0.009545477
-0.5689635,0.0011611799
-0.3775662,0.0008369557
-0.57046086,0.006489182
-0.5428349,0.0019767166
-0.5449122,-0.003155374
-0.46531308,0.0039562327
-0.47781312,-0.0007403907
-0.546758,0.00045724565
-0.44603088,-0.0023846808
-0.47721037,-0.00084011914
-0.5370212,0.0070356657
-0.59654236,4.119869e-05
-0.62098396,0.007407381
-0.5567702,0.011842767
-0.49633038,-0.0070630945
-0.46584284,-0.0045418874
-0.6009579,-0.0015194098
-0.45372722,-0.0024453485
-0.4608184,0.0030408485
-0.5037791,-0.00865056
-0.36542955,0.00012794108
-0.4528747,0.004105826
-0.551933,-0.0023075398
-0.51747596,0.017955957
-0.4440761,0.007836323
-0.52331537,0.008149023
-0.5608606,-0.008810418
-0.50357217,-0.008068114
-0.43378764,0.013780882
-0.37830254,-0.015062866
-0.34362692,0.008600813
-0.4921307,-0.008558763
-0.41957068,-0.008902698
-0.49584886,0.0018216542
-0.49482256,0.00089422235
-0.53797245,-0.0028258113
-0.4820984,-0.0003645963
-0.55814433,-0.012371543
-0.52003926,0.0047666566
-0.45873654,0.004124844
-0.50154316,0.010099834
-0.57448894,-0.0041649877
-0.4805233,0.00038252817
-0.42707658,-0.0029494748
-0.4148778,0.0011332184
-0.46525228,0.0011677671
-0.47482455,0.0026635616
-0.49938786,0.011284907
-0.57245606,0.014203626
-0.5821946,-0.004874973
-0.39677632,-0.01143614
-0.49522865,-0.008545913
-0.5800182,-0.0036514783
