桥梁,0
河源市,1
河源,2
桥墩,3
中国,4
和平,5
建造,6
连平,7
研究,8
桥面,9
出版社,10
设计,11
广东,12
交通,13
方志,14
分水,15
空间,16
古道,17
论文,18
石桥,19
建筑,20
岭南,21
县志,22
华南理工大学,23
和平县,24
硕士学位,25
石拱桥,26
营造,27
影响,28
民国,29
历史,30
保护,31
情况,32
文化,33
地方,34
社会,35
结构,36
发展,37
河流,38
地区,39
建桥,40
集成,41
材料,42
砌筑,43
道路,44
做法,45
方式,46
分析,47
本文,48
浮桥,49
选址,50
拱桥,51
记载,52
基础,53
修建,54
时间,55
关系,56
水流,57
石材,58
惠州,59
作用,60
艺术,61
龙川县,62
构造,63
历代,64
采用,65
数量,66
山花,67
该桥,68
桥孔,69
木桥,70
乾隆,71
之间,72
过程,73
技术,74
公元,75
文献,76
拱券,77
古代,78
三合土,79
规划,80
利用,81
位于,82
河道,83
现存,84
泊岸,85
府部,86
梁桥,87
因素,88
廊桥,89
水面,90
经济,91
位置,92
形式,93
明朝,94
五福,95
广济桥,96
相关,97
传统,98
渡口,99
清朝,100
变化,101
连平县,102
美术,103
方法,104
龙川,105
河床,106
立面图,107
桥会,108
修筑,109
一种,110
广州,111
桥台,112
桥栏,113
永久性,114
导致,115
石梁桥,116
天然,117
红砂岩,118
较大,119
东源,120
尺寸,121
江西,122
第三章,123
增加,124
筹备,125
平江,126
桥头,127
双孔,128
分布,129
降低,130
地方志,131
主体,132
上游,133
茶亭,134
小水村,135
资金,136
广桥,137
简支,138
程度,139
宽度,140
建筑物,141
时期,142
跨度,143
原因,144
两个,145
条石,146
中心,147
韶关,148
我国,149
工程,150
下桥,151
李田庙,152
示意图,153
一座,154
地域,155
管理,156
自然,157
官员,158
丛刊,159
永安,160
河水,161
建设,162
单孔,163
新桥,164
石梁,165
可知,166
角度,167
道光,168
夹角,169
东源县,170
跨越,171
功能,172
建置,173
布置,174
支流,175
桥渡,176
对象,177
古桥,178
实物,179
该类,180
东江,181
形象,182
造价,183
古籍,184
维护,185
坡度,186
分为,187
三个,188
活动,189
方向,190
统计,191
珍本,192
论述,193
花岗岩,194
广东省,195
类型,196
冲击,197
通行,198
故宫,199
装饰,200
探讨,201
永定,202
江苏,203
范畴,204
生活,205
着手,206
修桥,207
群体,208
客家,209
差异,210
第二章,211
民国时期,212
紫金县,213
设立,214
长度,215
高度,216
外观,217
兴建,218
桥屋,219
架设,220
巴蜀,221
石块,222
选择,223
数值,224
肇庆,225
形态,226
节省,227
驿站,228
大学,229
栏杆,230
水口,231
之外,232
背景,233
始建,234
下游,235
流线,236
特征,237
海南出版社,238
减少,239
比值,240
纵联,241
中山,242
乱石,243
独特,244
概况,245
龙桥,246
平面,247
普查,248
包括,249
合水,250
曾枢修,251
蔚纂,252
石灰岩,253
条件,254
标高,255
洪水,256
福兴,257
成文,258
石柱,259
源城区,260
科学技术,261
年间,262
凌开,263
调研,264
保证,265
开泰,266
第四章,267
书社,268
上海书店,269
数据,270
用于,271
主编,272
梁架,273
名称,274
颜希圣,275
带来,276
地位,277
数字,278
美国,279
鸣凤,280
提升,281
构架,282
重建,283
修缮,284
堤梁,285
石坡,286
处于,287
半圆,288
工业,289
南加州,290
聚落,291
文昌,292
图书馆,293
周边,294
样本,295
雍正,296
体系,297
两种,298
政府,299
整体,300
明清,301
国际,302
山川,303
使命,304
景观,305
部位,306
学社,307
此类,308
解决,309
体现,310
区域,311
后期,312
捐资,313
摄影,314
唐寰,315
龙南,316
科学出版社,317
环境,318
雁翅,319
调查,320
横跨,321
采石场,322
单体,323
承托,324
乳源,325
测绘,326
笔者,327
起到,328
田径,329
水灾,330
上坪,331
步云桥,332
重修,333
维修,334
文物,335
忠信,336
文化遗产,337
州志,338
资料,339
定义,340
地理,341
头桥,342
堤岸,343
岩石,344
共计,345
进一步,346
涉及,347
设置,348
上部,349
下部,350
木材,351
倡仪,352
规模,353
稳定,354
提供,355
本章,356
需求,357
两地,358
荔湾,359
栏板,360
望柱,361
效果,362
监生,363
桥宽,364
桥名,365
官方,366
表现,367
艺文,368
五孔,369
进深,370
高差,371
规律,372
低矮,373
石墩,374
船只,375
造型,376
人民出版社,377
自然环境,378
往来,379
建于,380
施工,381
一部分,382
划分,383
便利,384
案例,385
尺度,386
康熙,387
定南,388
飞凤桥,389
陆路,390
通航,391
津梁,392
只能,393
东北,394
桥工,395
关注,396
三江,397
工作,398
手法,399
村落,400
取值,401
体量,402
柳州,403
记录,404
最终,405
开辟,406
阶段,407
覆盖,408
辞海,409
拥有,410
万历,411
应对,412
顶面,413
感谢,414
接近,415
桥长,416
委员会,417
建立,418
金刚,419
石灰,420
立面,421
碑文,422
发生,423
日本,424
运作,425
推测,426
简单,427
借助,428
桥型,429
修纂,430
并列,431
卢廷俊修,432
主导,433
用地,434
桥下,435
导向,436
视线,437
铺装,438
小结,439
保存,440
早期,441
同治,442
桥志,443
规矩,444
上海古籍出版社,445
全国,446
发现,447
相互,448
展示,449
铺砌,450
地处,451
风水,452
选取,453
控制,454
一在,455
马车,456
汇编,457
构件,458
内部,459
档案馆,460
九公庙,461
万年,462
下车,463
师兄,464
水系,465
理论,466
九连山,467
地理环境,468
出版,469
族谱,470
遗存,471
心间,472
创建,473
汇刊,474
刘敦桢,475
美烧桥,476
面宽,477
损毁,478
三种,479
人文,480
表格,481
卵石,482
四柱,483
遭受,484
包含,485
建筑群,486
第一章,487
政治,488
绪论,489
城市,490
四年,491
交往,492
罗英,493
知识产权,494
融合,495
国内,496
同学,497
南海,498
类似,499
飞鸾桥,500
面积,501
水位,502
平面图,503
三年,504
商务印书馆,505
徐润纂,506
水运,507
朱超,508
两边,509
客家人,510
紫金,511
徐廷芳,512
限定,513
河工,514
曹鹏羽,515
走向,516
门外,517
促使,518
发源地,519
丛书,520
代表,521
流速,522
文史,523
嘉靖,524
税收,525
平缓,526
成本,527
讨论,528
两岸,529
事业,530
灾害,531
李约瑟,532
能力,533
纂修,534
一类,535
土地,536
工匠,537
叠涩,538
作法,539
最为,540
东莞,541
孔跨,542
稳定性,543
嘉庆,544
桥址,545
比例,546
孔数,547
基址,548
日常,549
减小,550
填充物,551
区别,552
所示,553
十二,554
价值,555
碑记,556
运行,557
铺设,558
兴隆,559
等级,560
合计,561
展开,562
募捐,563
诸多,564
一带,565
而成,566
墙内,567
驿道,568
由表,569
目的,570
官修,571
详细,572
缩短,573
工期,574
次间,575
铺面,576
锒面,577
冷水,578
物性,579
分孔,580
秦朝,581
小榄,582
云浮,583
粗壮,584
局部,585
学位,586
桥联,587
发表,588
曲线,589
老师,590
细石,591
冲毁,592
河面,593
工具,594
水平,595
意义,596
太平桥,597
形状,598
公共,599
立于,600
平纂,601
信仰,602
细部,603
受力,604
两座,605
倡建,606
屋顶,607
圩桥,608
夯筑,609
简易,610
之上,611
一级,612
竹筏,613
彭君谷,614
赣州,615
华中科技大学,616
九年,617
人文环境,618
层层,619
泥土,620
石板,621
成果,622
人员,623
大湖,624
一系列,625
珠三角,626
南宋,627
清乾隆,628
建成,629
即可,630
城镇,631
山水,632
表达,633
江面,634
村民,635
图说,636
地震,637
沿线,638
为例,639
锦带,640
实地,641
之中,642
其三,643
清道光,644
节点,645
通福桥,646
境内,647
田地,648
民间,649
乡绅,650
清官,651
重视,652
各类,653
轿子,654
渐次,655
寻找,656
循州,657
师姐,658
直线,659
科学,660
建军,661
典型,662
视觉,663
城外,664
七百,665
第二集,666
相连,667
文库,668
三间,669
万有,670
桥基,671
层面,672
清代,673
二年,674
投稿,675
敬惜,676
整理,677
所著,678
水库,679
移民,680
引桥,681
填充,682
间隔,683
审美,684
工程师,685
桥梁工程,686
石上,687
相比,688
理想,689
增大,690
眉拱,691
特别,692
高大,693
驼峰,694
推动,695
径桥,696
强度,697
论文集,698
这一,699
开间,700
自重,701
祝福,702
碑亭,703
性能,704
参考,705
利涉,706
连接,707
诗经,708
纪事,709
赣南,710
学院,711
牢固,712
多元,713
变迁,714
宗教,715
提出,716
建筑设计,717
亭子,718
事件,719
最早,720
从书,721
光绪,722
周易,723
分类,724
龙南县,725
耗费,726
始终,727
地理位置,728
清雍正,729
费用,730
通志,731
出资,732
来往,733
材质,734
期间,735
华中,736
县城,737
小型,738
路径,739
增强,740
集雨,741
有奇,742
二级,743
杨廷钊,744
山顶,745
现象,746
陈张翼,747
中有,748
特性,749
新丰江,750
界定,751
渡河,752
难度,753
状况,754
类别,755
辖区,756
山洪暴发,757
湍急,758
以此,759
水路,760
车马,761
地点,762
讲究,763
命名,764
繁忙,765
风雨,766
地质,767
一出,768
第三次,769
江广桥,770
热水,771
众人,772
追求,773
地貌,774
串联,775
第四卷,776
郁南,777
相近,778
格局,779
随之,780
配比,781
冲溃,782
乾隆年间,783
呈现,784
下文,785
过渡,786
冲刷,787
过桥,788
交界处,789
因应,790
塔基,791
王阳明,792
表面,793
平整,794
老隆,795
外部,796
