Label,Weight东宝,84
一个,46
乡长,46
大江,44
宋运辉,43
第三部,41
现在,39
这样,31
没有,29
这么,28
就是,27
自己,27
这个,26
我们,26
出来,25
还是,23
知道,22
两年,22
中国,21
不是,21
你们,20
时候,20
怎么,19
希望,19
结局,18
国家,18
发展,17
什么,16
大江大河,16
东海,16
最后,15
应该,15
领导,15
一样,14
小辉,14
电视剧,14
已经,13
可以,13
杨巡,13
农村,12
加油,12
但是,12
以前,12
乡镇,12
大家,11
小说,11
不会,11
喜欢,11
时代,10
为了,10
那个,10
还有,10
因为,10
县长,10
级别,10
现实,9
一集,9
人物,9
地方,9
第一部,9
不能,9
孩子,9
代表,9
起来,9
然后,9
书记,9
干部,9
雷霆,9
很多,8
正午,8
阳光,8
这些,8
一部,8
这部,8
几年,8
只是,8
可能,8
为什么,8
村里,8
人家,8
厉害,8
开始,8
几个,8
第三季,7
一下,7
各位,7
梁思申,7
演员,7
可是,7
年代,7
第二部,7
是不是,7
监狱,7
利益,7
宣布,7
回来,7
进去,7
结尾,7
工人,7
后面,7
集体,7
原著,7
肯定,7
再见,7
虽然,6
开颜,6
一年,6
剧情,6
导演,6
期待,6
那么,6
离开,6
自来水,6
需要,6
一起,6
这里,6
成长,6
董事长,6
侯鸿亮,6
剧本,6
一些,6
青春,6
合资,6
创作,6
他们,6
白眼,6
这种,6
建设,6
政府,6
大学生,6
乡里,6
这是,6
直接,6
镇长,6
一定,5
改革开放,5
成功,5
感觉,5
大学,5
弹幕,5
时间,5
一半,5
角色,5
才能,5
王凯,5
不要,5
大部分,5
问题,5
伟大,5
理解,5
创业,5
付出,5
那些,5
回去,5
经济,5
企业,5
股份,5
事情,5
明白,5
复婚,5
激动,5
今天,4
阿播,4
这剧,4
必须,4
留个,4
格局,4
只有,4
祖国,4
改变,4
如果,4
真是,4
工作,4
说话,4
结束,4
别人,4
金州,4
落后,4
几十年,4
实现,4
普通,4
不行,4
确实,4
过去,4
发现,4
不错,4
年月日,4
上海,4
家庭,4
存在,4
所以,4
能力,4
心里,4
完美,4
最好,4
土地,4
支持,4
里面,4
绝对,4
村子,4
平原,4
不同,4
关系,4
政绩,4
属于,4
公司,4
就行了,4
妻子,4
坏人,4
不够,4
四部,4
前面,4
四眼,4
进步,4
投票,4
画饼,4
以后,3
只要,3
下部,3
毕业,3
做到,3
我会,3
更好,3
小时候,3
看着,3
马上,3
赶紧,3
一次,3
所有,3
理性,3
名誉,3
第一季,3
几百年,3
告诉,3
那样,3
房子,3
一部分,3
三个,3
速度,3
人才,3
城市,3
那种,3
根本,3
记得,3
我家,3
放心,3
明天,3
不过,3
市场,3
看雷,3
基本,3
致敬,3
成为,3
不了,3
理想,3
男人,3
解释,3
现实生活,3
不少,3
觉得,3
主动,3
人民,3
当年,3
不到,3
要是,3
一生,3
眼里,3
下去,3
个体,3
想要,3
开心,3
官威,3
中心,3
国企,3
厂子,3
村委会,3
县里,3
提高,3
每个,3
没错,3
村长,3
经历,3
有点,3
后来,3
好多,3
厂长,3
编剧,3
一共,3
县级,3
生活,3
跟着,3
朋友,3
达到,3
得到,3
成立,3
一级,3
人口,3
同级,3
区别,3
群众,3
副厅,3
广播,3
重新,3
优秀,3
第一次,3
媳妇,3
作品,3
结果,3
顺利,3
不然,3
精彩,3
看不到,3
同意,3
改成,3
完整,3
向前,3
公平,3
把手,3
播放,2
不如,2
历史,2
记住,2
几集,2
老丈人,2
没人,2
多久,2
故事,2
初中,2
老板,2
大伯,2
完结,2
我能,2
公务员,2
好像,2
第一,2
周年,2
大概,2
繁荣昌盛,2
山海,2
出品,2
牺牲,2
她姐,2
读书,2
坐牢,2
好不容易,2
舍不得,2
开启,2
适合,2
作为,2
会员,2
干饭,2
长大,2
有所,2
合适,2
结婚,2
第二季,2
离婚,2
遗憾,2
杭州,2
名字,2
西方,2
天然气,2
那里,2
年轻人,2
一幕,2
拍个,2
五年,2
天下,2
说服,2
老家,2
日子,2
宋和梁,2
脾气,2
演技,2
主旋律,2
三条,2
家里,2
浙江,2
真的,2
任何,2
认为,2
接受,2
帮助,2
家乡,2
就算,2
相当于,2
宁波,2
丽水,2
母亲,2
原来,2
对于,2
巡雷,2
千万,2
财务,2
老婆,2
可惜,2
变化,2
世界,2
并且,2
非常,2
变成,2
影响,2
别说,2
一条,2
我国,2
家国,2
做好,2
正在,2
有没有,2
上面,2
建立,2
技术,2
道理,2
冤枉,2
享受,2
华人,2
加入,2
常含,2
泪水,2
深沉,2
剧组,2
这边,2
私人,2
实事,2
夺权,2
小楼,2
瞧不起,2
看不起,2
集体企业,2
说实话,2
客气,2
出生,2
老徐,2
村支书,2
两季,2
党员,2
之间,2
表面,2
改造,2
实际上,2
创办,2
坐标,2
飞黄腾达,2
科级,2
上边,2
村民,2
瞬间,2
拍桌子,2
看小辉,2
多少,2
善良,2
单干,2
老百姓,2
最大,2
作用,2
能耐,2
好处,2
对待,2
刑满释放,2
人员,2
行贿,2
评论,2
无法,2
人雷,2
对付,2
高帽子,2
先带,2
专业,2
之前,2
老子,2
人品,2
这次,2
成熟,2
看来,2
最初,2
整合,2
位置,2
产业,2
关心,2
没什么,2
再创,2
辉煌,2
乡级,2
听说,2
有些,2
整部,2
整把,2
带动,2
傻子,2
正科级,2
升级,2
美化,2
集团,2
改革,2
镇乡,2
评判,2
标准,2
一点,2
好人,2
产业结构,2
农业,2
其他,2
非农业,2
发达,2
市里,2
人口数量,2
跟上,2
县级市,2
处级,2
剧分,2
出现,2
开会,2
真正,2
可爱,2
好日子,2
史红伟,2
差不多,2
大结局,2
当然,2
回村,2
共事,2
情况,2
观众,2
大饼,2
一季,2
只能,2
村级,2
产权,2
随便,2
一下子,2
怎样,2
收入,2
民意,2
异议,2
这辈子,2
电视,2
收购,2
之后,2
干嘛,2
没用,2
女孩,2
懂事,2
套路,2
样子,2
感谢,2
不止,2
遇到,2
优质,2
一把手,2
小猫,2
奋斗,2
部才,2
找到,2
洛达,2
共同,2
相遇,2
个人,2
完成,2
体制,2
上次,2
三年,2
毕竟,2
鲜肉,1
之类,1
别想,1
不如意,1
一直,1
平铺直叙,1
等到,1
心窝子,1
拆头,1
一万,1
利息,1
一千二,1
能信,1
着急,1
舍得,1
讲完,1
院长,1
助理,1
清华,1
自学考,1
撒花,1
考上,1
董明珠,1
一线,1
做起,1
从不,1
表示,1
换成,1
看宋,1
运辉雷,1
巡场,1
一飞冲天,1
大展宏图,1
对面,1
只到,1
还会,1
难说,1
最狠,1
宋运萍,1
田晓霞,1
看官,1
这集,1
见面,1
平安无事,1
骚粉,1
代言,1
好开心,1
终于,1
来到,1
老师,1
情吧,1
孔笙,1
洪亮,1
纸片,1
家族,1
命运,1
总要,1
功成名就,1
引领,1
化工,1
迎娶,1
没死,1
也许,1
故意,1
两集强,1
比起,1
清平乐,1
皇帝,1
瑞干院,1
黄京,1
教授,1
留念,1
想念,1
学员,1
再出,1
一番,1
还好,1
一无所有,1
负责,1
高调,1
变老,1
一晃,1
好几年,1
剧荒,1
脚印,1
蒋言君,1
今年,1
年龄,1
为何,1
难道,1
过日子,1
撒娇,1
不顾一切,1
要求,1
放弃,1
工会,1
尽快,1
答复,1
甲方,1
干净,1
客服,1
电话,1
高科技,1
找马云,1
见到,1
马云提,1
马云卖,1
人情,1
发达国家,1
我来,1
全民,1
脱贫,1
网络,1
山东,1
淄博,1
沂源,1
土培房,1
讲雷,1
巡家,1
泥巴路,1
乡下,1
泉水,1
面临,1
太多,1
剧里,1
体现,1
里雷,1
不算,1
主演,1
人俩,1
正事,1
科普,1
差距,1
陪衬,1
小宋,1
小梁,1
以及,1
归乡,1
有个,1
一辈子,1
无缘,1
多点,1
高质量,1
两人,1
擦亮眼睛,1
胸怀,1
百姓,1
苍生,1
角度,1
思申,1
潜台词,1
十三,1
规划,1
全面,1
小康,1
德国,1
二战,1
设备,1
掠夺,1
一空,1
废墟,1
现今,1
如何,1
家有,1
全村,1
四五个,1
公用,1
怀念,1
手机游戏,1
但据,1
了解,1
幸福,1
过得,1
之一,1
至少,1
用淡,1
语气,1
动人心魄,1
台词,1
太好了,1
广州,1
落脚,1
一家老小,1
小学,1
年级,1
通电话,1
好剧,1
那封,1
举报信,1
自编,1
自导,1
上报,1
够不着,1
弄死,1
面貌,1
消弭,1
洪波,1
买房,1
地皮,1
我村,1
水泥路,1
铺设,1
那儿,1
去年,1
自强不息,1
面对,1
全力以赴,1
高等教育,1
目的,1
摆脱,1
公路,1
夜路,1
火把,1
穷人,1
出人头地,1
背后,1
照样,1
商人,1
深水港,1
这小杨,1
第二个,1
回头,1
为啥,1
不帮,1
老实,1
俄罗斯,1
方块,1
手游机,1
事业,1
主题,1
升华,1
挺不错,1
来说,1
奢望,1
任然,1
艰苦奋斗,1
现化,1
强国,1
必上,1
资产,1
自由,1
立此,1
为证,1
正是,1
无数,1
如此,1
迅速,1
宋欠程,1
工作狂,1
繁荣,1
背井离乡,1
留守,1
儿童,1
正气,1
为此,1
坚持,1
迷人,1
生病,1
机会,1
北方,1
创建,1
民族,1
咋样,1
中有个,1
婚姻,1
最强,1
最快,1
缔造者,1
建设者,1
所在,1
沥青路,1
中华儿女,1
心系,1
中华,1
报效祖国,1
祝愿,1
情怀,1
没小辉,1
即便,1
职业生涯,1
绑定,1
平了,1
离着,1
太近,1
听不进,1
想着,1
梁能,1
抱负,1
想过,1
错误,1
底层,1
买单,1
先富起来,1
看得,1
太气,1
小人得志,1
基础,1
先进,1
比如,1
朱总理,1
姓程,1
诽谤,1
程度,1
人少,1
尤其,1
名牌大学,1
国外,1
精神,1
灵魂,1
契合,1
添砖加瓦,1
教育资源,1
出国,1
留学,1
总是,1
各国,1
多大码,1
领导者,1
否则,1
美国,1
此情此景,1
过来,1
太多为,1
强大,1
奉献,1
无名,1
伟人,1
美籍华人,1
哪个,1
高官,1
子女,1
国籍,1
女人,1
生儿育女,1
放到,1
半天,1
西安,1
放炮,1
每季,1
片酬,1
露个面,1
简介,1
没钱,1
禁止,1
燃放烟花,1
爆竹,1
合作社,1
必定,1
未来,1
必将,1
消失,1
寂寞,1
梁宋,1
到底,1
真高,1
大张旗鼓,1
明显,1
黑恶,1
性质,1
第二,1
氛围,1
无形中,1
教会,1
妳们,1
虚头,1
巴脑,1
干点,1
牌子,1
颜色,1
黑色,1
党委,1
红色,1
这片,1
爱得,1
立威,1
压住,1
请官,1
一块,1
这号,1
为民,1
找房,1
四井,1
卖楼,1
三部,1
二本,1
院校,1
观看,1
演出,1
费太高关,1
局子,1
整级,1
小农经济,1
集体经济,1
市场经济,1
典型,1
态度,1
崛起,1
村干部,1
分钟,1
当选,1
说了算,1
办法,1
素质,1
文化,1
无关,1
乡下人,1
眼光,1
私人企业,1
铺垫,1
相比,1
中楚,1
部委,1
上级,1
太狂,1
放在眼里,1
播完,1
世纪,1
小舅子,1
不理,1
高攀不起,1
老几,1
年头,1
试一下,1
想见,1
你家,1
一面,1
太难,1
林蛋,1
骑个,1
自行车,1
我大,1
开上,1
小摩,1
总归,1
谈话,1
办成,1
中有,1
湖北,1
枝江,1
保安队,1
他面,1
办公,1
人脉,1
早就,1
铜厂,1
电线厂,1
没收,1
好手,1
挂钩,1
顺应时代,1
越俎代庖,1
说不过去,1
惦记,1
主人,1
能不恼,1
起码,1
小人,1
不远,1
多金贵,1
好歹,1
选举,1
管不着,1
要不然,1
深造,1
觉悟,1
管理水平,1
赶出,1
发展趋势,1
快强,1
好事,1
普通人,1
芝麻官,1
一副,1
高级官员,1
派头,1
刘老根,1
德行,1
犯错误,1
没本事,1
游后,1
思想觉悟,1
提升,1
挺苦,1
瞪眼,1
相当,1
对接,1
俯首听命,1
我要,1
本来,1
戏能,1
少点,1
童路,1
堵门,1
人设,1
沟通,1
那轮,1
编辑,1
刀片,1
不管,1
有人,1
主意,1
脸子,1
别个,1
要升,1
大专,1
学历,1
没上去,1
十几,1
二十几年,1
老楚,1
善于,1
最小,1
权力,1
发挥,1
父母官,1
文明,1
语言,1
往上爬,1
实干,1
能干,1
动力,1
搏浪,1
人童路,1
敌人,1
玩弄,1
鼓掌,1
之中,1
乡村,1
受伤,1
口袋,1
伪军,1
思想,1
不用,1
害掉,1
脸色,1
多人,1
天然,1
仇富,1
仇官,1
城里人,1
想象,1
权利,1
土皇帝,1
见识,1
不爱发,1
吃水,1
挖井,1
犯了错,1
情有可原,1
经理,1
立马,1
带头人,1
捞油水,1
县城,1
是因为,1
徐有,1
认识,1
人来,1
管理,1
发工资,1
衔接,1
莫名其妙,1
快速,1
划过,1
人管,1
足协,1
村多,1
生点,1
廉价,1
劳动力,1
人嘛,1
傻瓜,1
长短,1
长于,1
同好争,1
高低,1
投资,1
概念,1
合伙人,1
新来,1
对着干,1
引火,1
乡镇企业,1
股份制,1
培养,1
基层,1
干过,1
多大谱,1
体制改革,1
来看,1
后退,1
一大步,1
雷迪嘎,1
一口,1
老面,1
馒头,1
棒球,1
橄榄球,1
联赛,1
世界杯,1
最具,1
影响力,1
比赛,1
劫难,1
台商,1
引资,1
失败,1
大规模,1
并购,1
打通,1
上下游,1
产业链,1
这有,1
现代化,1
投行,1
那味,1
不怎么,1
坐成,1
我雷,1
出过,1
不拉着,1
经验,1
国有经济,1
竞争,1
东西,1
大人,1
精能,1
资源整合,1
垄断,1
集资,1
越做越,1
其它,1
其实,1
称职,1
反应,1
任性,1
成年人,1
不论,1
对错,1
讨论,1
证明,1
绿色,1
杯子,1
当时,1
两款,1
太少,1
自信,1
多疑,1
我整,1
乡办企业,1
满足,1
需求,1
萌发,1
墙头草,1
可图,1
倒水,1
显示,1
恐怕,1
县上,1
共产主义,1
马克思,1
点来,1
演到,1
三月,1
来复,1
总经理,1
算了,1
集群,1
小企业,1
驱动,1
评分,1
高收视率,1
看起来,1
以为,1
坐地,1
愿意,1
学习,1
多学,1
迪迦,1
奥特曼,1
气死,1
屁乡,1
长官,1
量体,1
镇上,1
林蛋大,1
平级,1
待遇,1
变区,1
变县,1
变市,1
变国,1
新区,1
直辖市,1
国级,1
徐到,1
到楚,1
胖雷,1
实力,1
征服,1
思路,1
几任,1
一聊,1
小看,1
实干家,1
县市,1
失控,1
换取,1
私人化,1
做出,1
最少,1
意味,1
同时,1
有钱,1
厅级,1
我哥,1
当初,1
彻底,1
配角,1
愤怒,1
巡好,1
百倍,1
不全,1
可比,1
吃香,1
说白了,1
电瓶车,1
好听,1
超级,1
高级,1
文凭,1
岳父,1
默亨受,1
下级,1
直管,1
资本,1
剥削,1
提心吊胆,1
多小厂,1
政治,1
没前途,1
器重,1
一件,1
事来,1
是否是,1
全方位,1
比镇,1
定位,1
而已,1
同一,1
行政级别,1
追回来,1
城镇化,1
工商业,1
主体,1
官方,1
上镇,1
大于,1
实际,1
工业,1
下面,1
推着,1
整机,1
利于,1
总比,1
作态,1
说镇,1
和县,1
比雷,1
等于,1
老狐狸,1
担责,1
出力,1
一脸,1
冠冕堂皇,1
这楚,1
几位,1
裤子,1
千万个,1
撑起来,1
乡要,1
说老实话,1
街道办,1
一般,1
副处,1
或者,1
处长,1
没到,1
撤乡,1
设镇,1
换个,1
说法,1
世上,1
渺小,1
拉倒,1
看剧,1
豆瓣,1
打个,1
不香,1
感情,1
出发点,1
尊重,1
脑子里,1
肚子,1
第一件,1
事是,1
造个,1
革命,1
接班人,1
首要,1
任务,1
开头,1
出色,1
抛弃,1
主心骨,1
道德,1
行政,1
单位,1
更加,1
趋近,1
城市化,1
多一些,1
财政收入,1
上任,1
叫红伟,1
回到,1
从前,1
领导班子,1
时刻,1
村里人,1
共同富裕,1
借钱,1
只管,1
这群人,1
太行,1
妈呀,1
威信,1
唯一,1
受用,1
正科,1
张嘴,1
相同,1
农民,1
多镇,1
多些,1
特别,1
全心全意,1
快抓紧,1
晚点,1
看不见,1
回归,1
公职人员,1
选拔,1
人格魅力,1
大伙,1
放鞭炮,1
一秒钟,1
包围,1
轻拍,1
这一下,1
透露,1
娇羞,1
服务,1
着想,1
爱戴,1
默看,1
一切顺利,1
身体健康,1
天盖,1
洋房,1
功不可没,1
群演,1
旁边,1
最牛,1
华西村,1
参考,1
林耀东,1
致富,1
路线,1
造福,1
乡里乡亲,1
临江镇,1
估计,1
副科,1
实权,1
一位,1
来自,1
特岗,1
教师,1
点赞,1
主角,1
起到,1
榜样,1
四层,1
落地,1
成片,1
山村,1
招呼,1
会议主题,1
欢迎,1
兄弟,1
猴鸿亮,1
宋都,1
才判,1
老马,1
没完,1
继续,1
合作,1
商场,1
全称,1
俄克拉荷马,1
这一看,1
没少,1
组建,1
战队,1
可真,1
牛皮,1
嘎巴,1
猴赛,1
画个,1
啥时候,1
那时,1
厂房,1
难怪,1
能量,1
背叛,1
变更,1
拿走,1
得出,1
原地踏步,1
两个,1
凸显,1
一言堂,1
土鳖,1
不思进取,1
眼前利益,1
固化,1
乡政府,1
后台,1
国家队,1
活儿,1
接不着,1
名片,1
印出来,1
片名,1
不得,1
电脑,1
雷蛇,1
做点,1
鼠标,1
讲道理,1
一意孤行,1
资格,1
俗人,1
福气,1
拥有,1
第三个,1
外姓,1
卖房子,1
比看,1
想不到,1
太急,1
梳理,1
具体情况,1
外面,1
形势,1
不急,1
威望,1
高为,1
搭进去,1
其他人,1
办不到,1
私利,1
整体,1
耍流氓,1
下场,1
杨寻,1
做生意,1
艰难,1
牢里,1
众议,1
决策,1
政策,1
政治权利,1
一把抓,1
正明,1
红伟,1
只想,1
反正,1
没见,1
奇怪,1
好几百万,1
往里,1
税费,1
好几十万,1
吃不上,1
黄衣服,1
小姑娘,1
厂当,1
酒店,1
服务员,1
我怕,1
一句,1
微商,1
一期,1
开了个,1
防止,1
插手,1
全体,1
活动,1
样板,1
民心,1
清晰,1
高帽,1
价值观,1
打压,1
事定,1
合谋,1
霸王,1
为止,1
这帮,1
人用,1
饿死,1
本事,1
混饭吃,1
年纪,1
小心,1
累不死,1
学尖,1
说不完,1
我想,1
梁小姐,1
荒地,1
怎么样,1
办完,1
提上去,1
人都动,1
眼睛,1
变好,1
却说,1
哪样,1
商量,1
锤子,1
一说,1
全村人,1
得罪,1
干股,1
超音速队,1
队哈,1
出狱,1
大师,1
开口,1
不服,1
大疆,1
大哥,1
看不完,1
即将,1
失去,1
深圳,1
隔离,1
公之心,1
洁身自好,1
裹挟,1
一两次,1
未尝不可,1
监管,1
开播,1
单身,1
相由心,1
生正明,1
老演,1
舒服,1
正要,1
赞成,1
跑出去,1
聪明,1
所有人,1
反对,1
依靠群众,1
愚忠,1
无私奉献,1
哪来,1
太平盛世,1
魅力,1
回家吧,1
部曲,1
很快,1
意思,1
必然,1
曾经,1
带领,1
支撑,1
看韦,1
嫂子,1
看萍,1
这媳妃,1
儿来,1
老叔,1
顺带,1
背锅,1
附近,1
化工厂,1
一模一样,1
水沟,1
聊哈,1
留在,1
必要,1
老是,1
活着,1
亲爱,1
追剧,1
同行,1
汗流,1
一身正气,1
人面桃花,1
相映红,1
人面,1
不知,1
何处,1
桃花,1
依旧,1
春风,1
节奏,1
拿捏,1
还要,1
简直,1
一如既往,1
运转,1
一手,1
建起,1
过程,1
娘家,1
小家,1
七八十,1
对不起,1
都市,1
别着急,1
杀死,1
摇篮,1
里别,1
威胁,1
全国,1
少数,1
人活,1
绝度,1
国产,1
良心,1
主线,1
漂亮,1
演不,1
采访,1
姐弟,1
小辉拉来,1
可好,1
整成,1
啥样,1
内心,1
摘桃,1
宋对梁,1
的话,1
表达,1
主旨,1
曾茗小茗,1
同学,1
到来,1
超越,1
无羡,1
螃蟹,1
主人公,1
原型,1
其中,1
镇海,1
就是说,1
老水,1
手段,1
是从,1
穿越,1
第五部,1
上下,1
两部,1
上部,1
灰心,1
今晚,1
我和凯,1
吃饭,1
播出,1
宋能,1
巡成,1
坚强,1
五个一工程,1
获奖作品,1
最起码,1
真对不起,1
暂时,1
蛰伏,1
修炼,1
完善,1
自我,1
梦想,1
一次性,1
意外,1
巡大,1
瘫痪,1
经商,1
大寻过,1
这才,1
五十岁,1
内奸,1
已除,1
老大,1
回想,1
设定,1
这歌,1
演唱者,1
许鹤缤唱,1
夏洛特,1
烦恼,1
插曲,1
运辉,1
一心,1
悲哀,1
世道,1
卸磨杀驴,1
演了,1
建厂,1
多钱,1
后见,1
那会,1
大学毕业,1
爱人,1
达成,1
圆满,1
即使,1
只会,1
越远,1
造谣,1
男女关系,1
主要,1
违规,1
谈判,1
纳闷,1
证据,1
免职,1
安好,1
终归,1
化肥厂,1
生产,1
化肥,1
养猪,1
英雄主义,1
难受,1
编号,1
认领,1
重要,1
签约,1
各位朋友,1
拆开,1
心有,1
林夕,1
鸡腿,1
三十年,1
新面貌,1
反映,1
充分说明,1
弊端,1
村企,1
私企,1
见证,1
火车,1
说不得,1
来个,1
巴士,1
就要,1
贡献,1
再次,1
下车,1
越来越,1
工厂,1
农药厂,1
平调,1
诸位,1
有幸,1
追同,1
快乐,1
老人,1
不堪,1
好家伙,1
开车,1
大佬,1
咱们,1
陪伴,1
洪流,1
生命不息,1
小车,1
公交,1
演绎,1
懒得,1
先去,1
大江东去,1
天真,1
岁月,1
不忍,1
荒唐,1
不负,1
后聚,1
珍重,1
老成,1
十年,1
好看,1
鲁爱班,1
小辉用,1
心血,1
遇上,1
珍惜,1
漫长,1
等待,1
踏上,1
工作岗位,1
结尾曲,1
未嫁,1
未娶,1
太快,1
处理,1
一枪,1
下放,1
历练,1
第三步,1
淋漓尽致,1
路上,1
偶遇,1
缩影,1
这代人,1
口碑,1
过不去,1
后建愿,1
如愿,1
缩小,1
前进,1
步伐,1
看到,1
一份,1
留着,1
如果说,1
据说,1
潮流,1
不停,1
奔涌,1
永无,1
剪辑,1
名单,1
播出来,1
伴随,1
陌生人,1
多年,1
荣归故里,1
无限,1
阻挡,1
原因,1
为数不多,1
优秀作品,1
搁浅,1
牵强,1
努为,1
公正无私,1
不为,1
一片,1
确定,1
正义,1
拍下去,1
三人,1
各有,1
执念,1
各自,1
苦尽甘来,1
匆忙,1
后续,1
奔腾,1
宋运辉萝拉,1
和光同尘,1
下海,1
化工企业,1
不差,1
阶段性,1
阶段,1
思薇,1
第一个,1
介绍,1
工作人员,1
带来,1
劳动成果,1
写出,1
步入正轨,1
征程,1
改开,1
以来,1
各股,1
力量,1
群体,1
该剧,1
系列,1
